event,rate,apt_reserve,usdc_reserve,version
swap,4.914758462524289,51123639059527,2515118495524,27504120
swap,4.916571626247337,51114216059530,2515582626388,27504200
swap,4.918368083890366,51104885019450,2516042396502,27504204
swap,4.91923492789778,51100384344483,2516264219183,27504218
swap,4.916550775202283,51114338347078,2515577976219,27504459
swap,4.924355482355403,51073836483333,2517574841758,27504471
swap,4.923873676751994,51076336483333,2517451738891,27504499
swap,4.9262785042947606,51063874405069,2518066735012,27504511
swap,4.925314399496843,51068874405069,2517820445179,27504657
swap,4.9237724204786755,51076874405069,2517426481681,27504736
swap,4.926010682444126,51065274833097,2517998892190,27504783
swap,4.931054232640491,51039166079437,2519288247512,27504788
swap,4.929153094432331,51049012769979,2518802795424,27504827
swap,4.926852542852884,51060935790067,2518215228606,27504868
swap,4.923960574046988,51075935790067,2517476417546,27504869
swap,4.922083492387565,51085678871425,2516996763468,27504908
swap,4.922102830652189,51085578567228,2517001710423,27504911
swap,4.92056236084191,51093578567228,2516608003790,27504951
swap,4.920581628870448,51093478580978,2516612933540,27504995
swap,4.918664284048992,51103440967884,2516122821629,27505030
swap,4.917510074559267,51109440967884,2515827736383,27505064
swap,4.91558729480867,51119440967884,2515336081476,27505251
swap,4.913671973186864,51129408015603,2514846237957,27505255
swap,4.911049964764819,51143062010751,2514175504363,27505308
swap,4.911069206454327,51142961870888,2514180432142,27505369
swap,4.908086396274801,51158507937736,2513417185815,27505416
swap,4.906149557583253,51168610112764,2512921460129,27505433
swap,4.906168652533086,51168510587627,2512926352771,27505466
swap,4.904252521270381,51178510587627,2512435831674,27505494
swap,4.904539234446882,51177015398502,2512509308547,27505508
swap,4.902860097318197,51185782613256,2512079390636,27505520
swap,4.903250252675005,51183747145604,2512179390636,27505536
swap,4.901038470208744,51195300938888,2511613006961,27505554
swap,4.901126704433295,51194840336809,2511635626666,27505565
swap,4.90116162514017,51194658046466,2511644578874,27505650
swap,4.9012702576542795,51194090983964,2511672427501,27505789
swap,4.8991387637106225,51205231983964,2511126495670,27505972
swap,4.896647827085518,51218260955378,2510488350493,27505998
swap,4.896707811074975,51217947403064,2510503734893,27506018
swap,4.896726952241931,51217847348291,2510508644106,27506050
swap,4.896746080700339,51217747360534,2510513550050,27506053
swap,4.896765196465694,51217647439711,2510518452729,27506076
swap,4.8946901585143054,51228508235553,2509986737697,27506204
swap,4.893402530052264,51235251186104,2509656734554,27506230
swap,4.89053996389348,51250251186104,2508922938791,27506302
swap,4.890787810117584,51248953236932,2508986544269,27506320
swap,4.890806989355498,51248852801040,2508991466224,27506370
swap,4.887946700548312,51263852801040,2508258059622,27506380
swap,4.888336261745772,51261811123187,2508358059622,27506389
swap,4.890695281168152,51249452787594,2508963532640,27506394
swap,4.893349635061738,51235557950168,2509644632609,27506409
swap,4.896190229873106,51220700706782,2510373316995,27506431
swap,4.896553552389742,51218801343321,2510466503171,27506592
swap,4.899001541056592,51206009349255,2511094281415,27506610
swap,4.898225123147516,51210069552099,2510895387770,27506625
swap,4.897726775660038,51212676121206,2510767718639,27506635
swap,4.89858817978675,51208175367009,2510988614227,27506650
swap,4.899928368779849,51201175367009,2511332249206,27506658
swap,4.8989719920119885,51206175367009,2511087276687,27506751
swap,4.900698077030701,51197161367014,2511529832440,27506769
swap,4.902452630820432,51188003575355,2511979607552,27506780
swap,4.905328537177249,51173003575355,2512716664377,27506812
swap,4.9074710049974,51161837575362,2513265610245,27506873
swap,4.911849388639012,51139041267653,2514387072934,27506885
swap,4.912714458529041,51134540836851,2514608589584,27506890
swap,4.913580096724646,51130038639025,2514830232247,27506940
swap,4.919962186658066,51096881960446,2516463734750,27506953
swap,4.9208298876373116,51092379001425,2516685741949,27506985
swap,4.91874920261144,51103189583369,2516153884025,27507016
swap,4.917626838047241,51109023884108,2515866942131,27507035
swap,4.9196925357906505,51098298206590,2516395558344,27507062
swap,4.922320683897623,51084661889166,2517067946416,27507080
swap,4.924056421200539,51075661889166,2517511920845,27507103
swap,4.924021452028262,51075843342885,2517502985994,27507157
swap,4.92570200091006,51067133940810,2517932771101,27507391
swap,4.928212055665587,51054133940810,2518574558345,27507402
swap,4.930862823385419,51040415940823,2519252146674,27507444
swap,4.933570288075049,51026415940823,2519944039966,27507473
swap,4.931481065455052,51037228876771,2519410689080,27507529
swap,4.926165404163727,51064771512071,2518053161104,27507539
swap,4.923952142788781,51076252484822,2517487716399,27507550
swap,4.920670168158393,51093291512070,2516649002367,27507567
swap,4.918551363810982,51104300768014,2516107389781,27507578
swap,4.915150202652971,51121988003684,2515237734698,27507587
swap,4.913285671393701,51131692017291,2514760858285,27507621
swap,4.9100857939867195,51148358766110,2513942239872,27507640
swap,4.912199465573845,51137358766110,2514483547565,27507819
swap,4.911239497392596,51142358766110,2514237961581,27507921
swap,4.909320405138816,51152358766110,2513746933548,27508011
swap,4.905882547864629,51170287412542,2512867066931,27508049
swap,4.905299708461513,51173328826399,2512717867599,27508110
swap,4.900665445956928,51197530968949,2511531240619,27508115
swap,4.899517573114704,51203530968949,2511237235114,27508183
swap,4.898561320513024,51208530968949,2510992283131,27508358
swap,4.900533801676818,51198229284604,2511498029982,27508402
swap,4.9024441002000625,51188258287727,2511987736158,27508407
swap,4.905128182740628,51174258287727,2512675641221,27508443
swap,4.9032126729432965,51184258287727,2512185224140,27508601
swap,4.9010486637140875,51195562642602,2511631069846,27508872
swap,4.899135426202222,51205563254516,2511141030619,27508881
swap,4.8964589392236375,51219563254516,2510455338946,27508921
swap,4.89714557995479,51215974114907,2510631444043,27509033
swap,4.895998944549583,51221974114907,2510337649693,27509267
swap,4.894852711880315,51227974114907,2510043924129,27509356
swap,4.893897825502409,51232974114907,2509799205355,27509574
swap,4.884707033703268,51281174114907,2507442561518,27509694
swap,4.884926144869907,51280024580332,2507498826647,27509716
swap,4.8869630969736635,51269341709340,2508021831228,27509739
swap,4.887821971251414,51264839312707,2508242321775,27509763
swap,4.891443246606147,51245868876923,2509171764109,27509777
swap,4.891470242922962,51245727532963,2509178691736,27509834
swap,4.889562729935312,51255727532963,2508689640049,27510018
swap,4.887846922262946,51264727532963,2508249656583,27510022
swap,4.886599299069088,51271274721593,2507929680850,27510101
swap,4.885742062328822,51275774721593,2507709803161,27510134
swap,4.882886235197916,51290774721593,2506977155963,27510151
swap,4.880413210304647,51303774721593,2506342541439,27510238
swap,4.880460354169539,51303527054984,2506354652862,27510239
swap,4.880498502557978,51303326648034,2506364453273,27510325
swap,4.878217318017664,51315326648034,2505778930272,27510338
swap,4.87830492066175,51314866126423,2505801440717,27510354
swap,4.87545561200121,51329866126423,2505069908602,27510457
swap,4.87557590933929,51329233196538,2505100829008,27510556
swap,4.877683142898003,51318150038662,2505642396079,27510756
swap,4.879977969497534,51306088386020,2506232042291,27510765
swap,4.880834546854874,51301588379137,2506452100795,27510775
swap,4.882971753917013,51290365779474,2507001074567,27510915
swap,4.885067931920349,51279365779474,2507539392778,27510922
swap,4.882745784760735,51291564206979,2506943632887,27511044
swap,4.879746504540782,51307332555602,2506173940896,27511056
swap,4.878891071484724,51311832555602,2505954371542,27511070
swap,4.877245281403184,51320493553684,2505531882122,27511089
swap,4.874396903883559,51335493553684,2504800508883,27511126
swap,4.8715510212887105,51350493553684,2504069562714,27511218
swap,4.875242820011373,51331056904163,2505018684841,27511260
swap,4.878082648792289,51316120736260,2505748530199,27511432
swap,4.882673627344719,51292001902391,2506927977803,27511460
swap,4.883531140879055,51287500700934,2507148216325,27511473
swap,4.885627676168933,51276500700934,2507686596212,27511538
swap,4.883345896739505,51288484955785,2507101226815,27511681
swap,4.881709752649265,51297083408063,2506681404961,27511684
swap,4.878244524943577,51315308552865,2505792021960,27511713
swap,4.87729449787338,51320308552865,2505548133474,27511827
swap,4.87643971081475,51324808552865,2505328674446,27512120
swap,4.87558514848616,51329308552865,2505109253878,27512167
swap,4.874518835855362,51334925258615,2504835436540,27512196
swap,4.874044331817367,51337425258615,2504713579498,27512571
swap,4.874067671554953,51337302403933,2504719579498,27513177
swap,4.874071559392689,51337281939390,2504720578952,27513258
swap,4.871644033784179,51350077350913,2504097076686,27513297
swap,4.871663093419963,51349976951408,2504101977599,27513521
swap,4.872082916329153,51347765620300,2504209926630,27513967
swap,4.8655583045898005,51382199442009,2502533405437,27514027
swap,4.865577311520682,51382099132195,2502538295855,27514125
swap,4.860707812581473,51407843076046,2501286331008,27514141
swap,4.860807430656676,51407316557063,2501311975082,27514155
swap,4.860914721530447,51406749502555,2501339594024,27514269
swap,4.859213976621397,51415749502555,2500902188201,27514382
swap,4.861494951078131,51403692191922,2501489389968,27514416
swap,4.862346737189344,51399191796465,2501708633891,27514434
swap,4.865187391439811,51384191796465,2502439660135,27514466
swap,4.862349576601897,51399191796465,2501710094787,27514658
swap,4.861498716432001,51403691796465,2501491308192,27514666
swap,4.859986627547719,51411691796465,2501102448753,27514831
swap,4.857153361919191,51426691796465,2500373663179,27514906
swap,4.857200149420264,51426444233213,2500385711849,27515030
swap,4.856256264605659,51431444233213,2500142875428,27515049
swap,4.857825692521792,51423139685661,2500547038590,27515081
swap,4.859145369386527,51416159796691,2500886834712,27515088
swap,4.86198321610499,51401159796691,2501617379578,27515130
swap,4.862835586256813,51396656989916,2501836763015,27515252
swap,4.865487183512393,51382656989916,2502519109502,27515275
swap,4.865498626613656,51382596597015,2502522053800,27515392
swap,4.867704709299275,51370957599728,2503089611906,27515561
swap,4.868870419991541,51364810660177,2503389461980,27515570
swap,4.869818932937464,51359810660177,2503633416867,27515634
swap,4.8719066370864095,51348810660177,2504170284903,27516085
swap,4.87276120649247,51344310019340,2504390010374,27516115
swap,4.875046139650347,51332282093713,2504977414018,27516241
swap,4.876834966405511,51322871579406,2505437184132,27516245
swap,4.879688323561265,51307871579406,2506170388917,27516267
swap,4.876438947132922,51324971579406,2505336239943,27516382
swap,4.8739708325143445,51337971579406,2504702463248,27516439
swap,4.873116921809437,51342471579406,2504483153765,27516467
swap,4.8722632355277815,51346971579406,2504263882703,27516517
swap,4.8694192342674105,51361971579406,2503533256443,27516529
swap,4.866577722813128,51376971579406,2502803056596,27516630
swap,4.8644378122566385,51388276588552,2502253010451,27516682
swap,4.861600660083339,51403276588552,2501523557491,27516713
swap,4.858765989724584,51418276588552,2500794529917,27516788
swap,4.8559337982883815,51433276588552,2500065927358,27516858
swap,4.854262283885917,51442135511043,2499635817956,27517015
swap,4.851434029458555,51457135511043,2498907890658,27517046
swap,4.851848684505941,51454937715454,2499014733394,27517058
swap,4.854160785738672,51442688050374,2499610400872,27517123
swap,4.852463590109767,51451688050374,2499173602744,27517171
swap,4.8508028104601815,51460499514149,2498746102812,27517208
swap,4.850829483888463,51460358100894,2498752976249,27517228
swap,4.847279547736343,51479207737964,2497838946966,27517239
swap,4.847358654221731,51478787888834,2497859339157,27517256
swap,4.846959593440529,51480908085907,2497756569830,27517267
swap,4.846492583092493,51483389629427,2497636296211,27517272
swap,4.842473511748892,51504760524721,2496600986686,27517292
swap,4.84263278096224,51503913972140,2496642063557,27517308
swap,4.839087198564063,51522788323908,2495728382508,27517316
swap,4.839113832555408,51522646606544,2495735254090,27517332
swap,4.837088750221686,51533436037768,2495213250436,27517347
swap,4.837147666322535,51533122357089,2495228453933,27517355
swap,4.83640440319687,51537084014873,2495036837412,27517375
swap,4.836737180666831,51535311942559,2495122716615,27517382
swap,4.835442388259914,51542214769354,2494788889695,27517410
swap,4.833472274747819,51552723204607,2494280863836,27517436
swap,4.833588652694154,51552102895835,2494310906705,27517454
swap,4.833667431525741,51551683007684,2494331243189,27517457
swap,4.830087487346367,51570793455417,2493407849665,27517480
swap,4.830419615246108,51569021370699,2493493617298,27517500
swap,4.830453774612247,51568839122089,2493502438335,27517639
swap,4.830594956778562,51568085901048,2493538895739,27517730
swap,4.830602613006844,51568045055245,2493540872788,27517984
swap,4.830153232348229,51570445055245,2493424943716,27518000
swap,4.82961405833891,51573325055245,2493285843064,27518035
swap,4.828940217791523,51576925055245,2493111989082,27518069
swap,4.828455139933326,51579517055245,2492986829236,27518119
swap,4.828509278394725,51579228037823,2493000812343,27518153
swap,4.828543428631821,51579045729758,2493009632768,27518254
swap,4.828515358464879,51579195729758,2493002389974,27518257
swap,4.828621572047246,51578628725217,2493029823015,27518361
swap,4.828760355201786,51577887881313,2493065667731,27518452
add_liquidity,4.828760355201806,51578037724578,2493072910546,27518814
swap,4.828131601590131,51581397724578,2492910674757,27519161
swap,4.827502970795973,51584757724578,2492748460092,27519194
swap,4.827727545445541,51583558509382,2492806469548,27519564
swap,4.82585721632278,51593558509382,2492323790273,27520156
swap,4.82460096581164,51600278509382,2491999534860,27520244
swap,4.8246548943309975,51599990266762,2492013469349,27520342
swap,4.824187656617124,51602490266762,2491892858815,27520781
swap,4.823720486784682,51604990266762,2491772259961,27520837
swap,4.822769241959952,51610081855509,2491526680158,27520935
swap,4.821917550986687,51614641855509,2491306781291,27521163
swap,4.82115570295124,51618721855509,2491110062590,27521206
swap,4.820394035486618,51622801855509,2490913374969,27521241
swap,4.820420441607425,51622660531956,2490920200985,27521274
swap,4.819703737122799,51626500531956,2490735110595,27521505
swap,4.811931708546572,51668197028877,2488727083150,27521798
swap,4.812057257906107,51667523335075,2488759566192,27521965
swap,4.804295956973431,51709261593746,2486752716846,27522056
swap,4.804361810832694,51708907377852,2486769768629,27522075
swap,4.804361773687999,51708907577852,2486769759021,27522264
swap,4.80438337410366,51708791394742,2486775352071,27522466
swap,4.804569122732246,51707792332714,2486823447912,27522492
swap,4.802712236330385,51717792332714,2486343083807,27522789
swap,4.804576207060037,51707764228369,2486825763082,27522794
swap,4.804130455223959,51710164228369,2486710458600,27523241
swap,4.80413817905088,51710122680780,2486712458600,27523244
swap,4.8022815428518335,51720122680780,2486232137577,27523334
swap,4.801817552017858,51722622680780,2486112086336,27524488
swap,4.801353628437359,51725122680780,2485992046694,27524529
swap,4.800889772096722,51727622680780,2485872018649,27524600
swap,4.801074857617593,51726626098017,2485919960246,27524838
swap,4.800593974544497,51729218098017,2485795522615,27525122
swap,4.799881687987252,51733058098017,2485611193476,27525164
swap,4.798724560440476,51739298098017,2485311716946,27525516
swap,4.797345455233654,51746738098017,2484954743120,27525566
swap,4.797455273466026,51746146125322,2484983199304,27525857
swap,4.796476880759722,51751426125322,2484729919484,27526320
swap,4.7956766002793225,51755746125322,2484522728961,27526358
swap,4.794520993181424,51761986125322,2484223514781,27526391
swap,4.7937212022153375,51766306125322,2484016408742,27526426
swap,4.793010444936383,51770146125322,2483832343489,27526465
swap,4.794863432291781,51760146809046,2484312664512,27526601
swap,4.787069858084134,51802284716024,2482293851291,27526755
swap,4.787127953827321,51801970540605,2482308921304,27526844
swap,4.787146523116209,51801870121130,2482313738151,27526874
swap,4.779422865368289,51843730664121,2480311429050,27526884
swap,4.7795003896456985,51843310415857,2480331554886,27526894
swap,4.7796846722056365,51842311486906,2480379395252,27527134
swap,4.782349571540707,51827872486924,2481071108926,27527203
swap,4.784429246051104,51816612741866,2481610785120,27527209
swap,4.7868009747955576,51803780716212,2482226106411,27527252
swap,4.788974461660338,51792029630787,2482789862056,27527277
swap,4.790825232770245,51782029630793,2483269811404,27527300
swap,4.791661405167611,51777513563182,2483486620583,27527337
swap,4.799365314482411,51735961193150,2485483259878,27527342
swap,4.802814616379138,51717389193163,2486376704083,27527361
swap,4.803651468878282,51712886362139,2486593418753,27527497
swap,4.8065757958459745,51697160743320,2487350565994,27527510
swap,4.808635782081033,51686091743336,2487883785715,27527525
swap,4.812131686214328,51667323337919,2488788426189,27527539
swap,4.812971228386388,51662819146204,2489005626907,27527552
swap,4.815816917444663,51647560622864,2489741703627,27527566
swap,4.819908719088584,51625644155101,2490799723641,27527610
swap,4.822801959156732,51610164245005,2491547559892,27527700
swap,4.822547840488395,51611524676741,2491481950692,27527731
swap,4.8185351172874835,51633021173072,2490445703044,27527797
swap,4.816211518061401,51645481173072,2489845458274,27527809
swap,4.8196110126350415,51627273096744,2490724464158,27527836
swap,4.819505378209231,51627839162683,2490697182281,27527852
swap,4.822602411694645,51611267316402,2491497720027,27527909
swap,4.830323944393451,51570019751607,2493492504695,27527930
swap,4.830282373849031,51570241773996,2493481780341,27528021
swap,4.8321756083663,51560143290632,2493970638367,27528051
swap,4.829941174089499,51572074290632,2493394244740,27528125
swap,4.827847296676835,51583262290466,2492853988016,27528131
swap,4.8247467891042595,51599842290466,2492053787880,27528134
swap,4.822636695472569,51611135184768,2491509053424,27528153
swap,4.8218616098655,51615285184768,2491308930077,27528161
swap,4.8166342198243095,51643300079304,2489958822689,27528201
swap,4.818810127213183,51631644969850,2490521458112,27528239
swap,4.820678215356371,51621644969870,2491004397869,27528311
swap,4.822547389822262,51611644969877,2491487524864,27528472
swap,4.824797254055422,51599616003045,2492068924943,27528521
swap,4.8325280480558055,51558347107218,2494065650721,27528659
swap,4.832295500967993,51559588297562,2494005671292,27528677
swap,4.830223132246755,51570653259057,2493471094264,27528720
swap,4.828673234095509,51578933259057,2493071215928,27528728
swap,4.826424361952115,51590954470648,2492490886021,27528755
swap,4.824874422796127,51599244470648,2492090839660,27528758
swap,4.8249124593887665,51599041183904,2492100667675,27529003
swap,4.824762925203769,51599841183904,2492062068974,27529061
swap,4.822436556755727,51612291924363,2491461495035,27529086
swap,4.820886671435846,51620591924363,2491061297095,27529087
swap,4.81554748726175,51649215183903,2489682166145,27529100
swap,4.814708895629749,51653715183903,2489465485368,27529137
swap,4.812846142830519,51663715183903,2488984107579,27529156
swap,4.812071556117165,51667875183903,2488783909284,27529167
swap,4.8089299852205505,51684757627489,2487971779116,27529193
swap,4.80738288913954,51693077627489,2487571740474,27529197
swap,4.80523401388705,51704640552576,2487015990581,27529228
swap,4.804461264339508,51708800552576,2486816108912,27529254
swap,4.802132750026882,51721341887994,2486213711268,27529285
swap,4.801297660499496,51725841887994,2485997634076,27529288
swap,4.799752391786024,51734171887994,2485597750315,27529294
swap,4.797632865758115,51745604053217,2485049155798,27529364
swap,4.795235108517527,51758546062082,2484428400828,27529380
swap,4.7944018178114,51763046062082,2484212633989,27529409
swap,4.7924321450758045,51773687504897,2483702545221,27529426
swap,4.791660632015283,51777857504897,2483502716880,27529427
swap,4.791660447023679,51777858504897,2483502668964,27529459
swap,4.7849286185513735,51814286577952,2481758385352,27529499
swap,4.787677546799277,51799416845872,2482471521224,27529583
swap,4.789872535893474,51787552718849,2483040805497,27529606
swap,4.792566976233816,51773000152801,2483739447376,27529622
swap,4.791793581220258,51777180152801,2483539134233,27529666
swap,4.7889983397713385,51792296152801,2482815017905,27529678
swap,4.784033376475785,51819178152801,2481528306552,27529696
swap,4.7819565619531454,51830435152801,2480989884763,27529712
swap,4.784208064753976,51818243821371,2481574174090,27529775
swap,4.787097160316873,51802612681262,2482323724359,27529781
swap,4.790571669979422,51783832949417,2483224855760,27529817
swap,4.792766295797824,51771981515663,2483793874624,27529840
swap,4.795976093755285,51754662590954,2484625871137,27529871
swap,4.7982545034039115,51742379651156,2485216278058,27529930
swap,4.799090239523816,51737876378152,2485432808209,27529953
swap,4.800946861857382,51727876378156,2485913771454,27530198
swap,4.801783492571656,51723372076054,2486130472622,27530214
swap,4.807146370819469,51694527018257,2487519098569,27530234
swap,4.806373162515993,51698687018257,2487319137356,27530282
swap,4.804515251814345,51708687018257,2486838592898,27530367
swap,4.8021943781796255,51721187018257,2486238173492,27530372
swap,4.79929729703091,51736803139451,2485488483125,27530385
swap,4.797271323546252,51747732139451,2484964078590,27530404
swap,4.79649864413052,51751902139451,2484764048479,27530410
swap,4.795726151410267,51756072139451,2484564050585,27530460
swap,4.793632266577772,51767380227303,2484021864002,27530490
swap,4.7928604663025585,51771550227303,2483821985622,27530498
swap,4.794579197718169,51762274662860,2484267520772,27530602
swap,4.79459773585015,51762174644378,2484272325852,27530616
swap,4.796332965947605,51752815152327,2484722056013,27530617
swap,4.802206409587182,51721172590113,2486243708945,27530625
swap,4.804651785857604,51708015490656,2486876966670,27530663
swap,4.807743584184331,51691394751484,2487677392132,27530694
swap,4.806907034627118,51695894751484,2487461062485,27530707
swap,4.809131022708109,51683945935702,2488036714468,27530738
swap,4.809969251437084,51679444536390,2488253645159,27530771
swap,4.8120312436985015,51668376369411,2488787201209,27530800
swap,4.810432789341412,51676964369411,2488374012575,27530936
swap,4.809658789504904,51681124369411,2488173914663,27530945
swap,4.811226175620654,51672709637581,2488579511247,27531020
swap,4.812065543311643,51668205064856,2488796689463,27531416
swap,4.814125467569935,51657155213712,2489329594560,27531435
swap,4.8183149830566485,51634703664050,2490413076178,27531450
swap,4.8175409454543034,51638853664050,2490213132161,27531520
swap,4.816573324069765,51644042969928,2489963160321,27531541
swap,4.815799706165196,51648192969928,2489763288574,27531630
swap,4.813635291316373,51659809083469,2489204005474,27531649
swap,4.812860519025163,51663969083469,2489003774354,27531656
swap,4.812085933804453,51668129083469,2488803575461,27531681
swap,4.81003479714778,51679149804990,2488273361852,27531700
swap,4.809260894074014,51683309804990,2488073280495,27531712
swap,4.808429910712485,51687777749802,2487858423928,27531742
swap,4.810232534104722,51678096749804,2488324947813,27531967
swap,4.810213927330655,51678196749804,2488320137590,27531977
swap,4.81199060384125,51668660364975,2488779861755,27531978
swap,4.811216228932769,51672820364975,2488579699046,27532109
swap,4.809330474221323,51682954983069,2488092196175,27532150
swap,4.807783195345415,51691274983069,2487692124220,27532159
swap,4.80776460278829,51691374983069,2487687316447,27532163
swap,4.806991247894724,51695534983069,2487487329518,27532193
swap,4.8062180796153315,51699694983069,2487287374757,27532218
swap,4.80413105139579,51710929166298,2486747552596,27532228
swap,4.8040776189315855,51711216881984,2486733730435,27532271
swap,4.805937129175302,51701216881999,2487215193561,27532378
swap,4.8079334908443645,51690487384945,2487731986548,27532392
swap,4.807914897421358,51690587384945,2487727178624,27532397
swap,4.807933472250515,51690487584849,2487731986548,27532458
swap,4.807160076918172,51694647584849,2487531992595,27532519
swap,4.806386868213579,51698807584849,2487332030812,27532542
swap,4.80636828376385,51698907584849,2487327224435,27532552
swap,4.805904113642229,51701405399261,2487207176070,27532569
swap,4.802269244906565,51720978049002,2486266888901,27532574
swap,4.800723518183007,51729308049002,2485866924226,27532577
swap,4.800742073136239,51729208131568,2485871730603,27532634
swap,4.8007327972663685,51729258131568,2485869330235,27532664
swap,4.800714245605531,51729358131568,2485864529512,27532717
swap,4.800732778713632,51729258331479,2485869330235,27532777
swap,4.799959265665411,51733428331479,2485669155799,27532855
swap,4.797832892936946,51744896778979,2485118796875,27532874
swap,4.798018079147514,51743898685591,2485166780571,27532890
swap,4.797682464714908,51745709391376,2485079905618,27533030
swap,4.795435114339749,51757839185942,2484498092839,27533073
swap,4.795416593384626,51757939185942,2484493297414,27533111
swap,4.79464436500473,51762109185942,2484293344636,27533152
swap,4.794662865946619,51762009369786,2484298140061,27533170
swap,4.792550577803852,51773420717641,2483751124877,27533182
swap,4.791777191719628,51777600717641,2483550812420,27533218
swap,4.789731694067177,51788661110860,2483020936096,27533247
swap,4.788958990304289,51792841110860,2482820741454,27533252
swap,4.78897748611755,51792741144591,2482825538396,27533414
swap,4.791369406890558,51779818155082,2483445811838,27533430
swap,4.795261766126003,51758809315921,2484454848577,27533450
swap,4.797855521872525,51744823827183,2485127014290,27533464
swap,4.8006495973663545,51729770898487,2485850889246,27533513
swap,4.801266918536576,51726446886787,2486010793303,27533528
swap,4.801276218081928,51726396817596,2486013202076,27533577
swap,4.799498415894648,51735980817596,2485553132921,27533619
swap,4.798725202203438,51740150817596,2485353009952,27533624
swap,4.79563207311138,51756842383219,2484552285645,27533743
swap,4.794859793669225,51761012383219,2484352323883,27533744
swap,4.796458036129876,51752392255705,2484766543782,27533897
swap,4.798453931703963,51741633431227,2485283727436,27533907
swap,4.800549463000894,51730344742938,2485826613379,27533923
swap,4.802657116958872,51718998201674,2486372520473,27533934
swap,4.804631815027395,51708374201677,2486883881809,27533950
swap,4.806835961675677,51696523485261,2487454536362,27533969
swap,4.804908134026057,51706898485261,2486955927098,27534144
swap,4.803361136887003,51715228485261,2486555742656,27534151
swap,4.802742969371384,51718558211391,2486395814172,27534154
swap,4.798226730285559,51742904211391,2485227087985,27534161
swap,4.796034934014814,51754732073234,2484659689928,27534222
swap,4.794490368963818,51763072073234,2484259764996,27534229
swap,4.7963743303096456,51752910186481,2484748047420,27534328
swap,4.798229362753452,51742910186495,2485228738450,27534351
swap,4.7972038702268005,51748443167435,2484963281692,27534354
swap,4.79782096865757,51745116768246,2485123185749,27534356
swap,4.805530076307329,51703615694745,2487119922672,27534381
swap,4.807434520701467,51693378721025,2487612946498,27534460
swap,4.809295972606916,51683378721035,2488094746084,27534489
swap,4.811614720040344,51670930176513,2488694777132,27534679
swap,4.814120405190464,51657488138984,2489343020328,27534709
swap,4.815985741362462,51647488138997,2489825490036,27534762
swap,4.8222048349412265,51614189723415,2491433385744,27534808
swap,4.822138834857768,51614543117773,2491416344461,27534821
swap,4.825686441012416,51595576888259,2492333091150,27534918
swap,4.8254841513577755,51596658889869,2492280878239,27534930
swap,4.826843012038566,51589399224007,2492631943340,27535160
swap,4.827632866284161,51585180863729,2492835981491,27535214
swap,4.829443398702821,51575515290248,2493303622154,27535244
swap,4.8371727836679925,51534312808447,2495299052473,27535247
swap,4.8368976041275795,51535779459395,2495228110050,27535257
swap,4.842460827246123,51506182519022,2496663375469,27535277
swap,4.842354450035578,51506748544801,2496635966194,27535293
swap,4.842288031559957,51507101962374,2496618852580,27535307
swap,4.844554658896864,51495057236246,2497203397838,27535400
swap,4.844206509199192,51496908585364,2497113711440,27535417
swap,4.846250889813633,51486050942117,2497640842755,27535442
swap,4.846132021558031,51486682691423,2497610226974,27535532
swap,4.848103435889763,51476218688837,2498118445365,27535591
swap,4.848009302931928,51476718688837,2498094205084,27535631
swap,4.847805588827416,51477800793843,2498041745635,27535692
swap,4.844784318908668,51493857430425,2497263593584,27535704
swap,4.844750200208584,51494038841155,2497254804657,27535781
swap,4.843745213328211,51499383263109,2496995907608,27535784
swap,4.845627791845051,51489383263121,2497481346594,27536024
swap,4.851928644579905,51455956331365,2499105389974,27536041
swap,4.851514859655928,51458151717402,2498998875950,27536071
swap,4.855616873053708,51436422134837,2500055647722,27536086
swap,4.855150057296612,51438896081710,2499935528112,27536098
swap,4.8573798438975855,51427094085571,2500509812227,27536195
swap,4.857293032892935,51427553873674,2500487478772,27536213
swap,4.862468309504064,51400192300408,2501819881513,27536233
swap,4.8621057508090075,51402109634430,2501726655228,27536247
swap,4.867691464276223,51372623759713,2503163985712,27536253
swap,4.86740117545083,51374156419120,2503089382805,27536273
swap,4.8721521599425355,51349114582045,2504311306527,27536276
swap,4.871762381413479,51351169730955,2504211180549,27536294
swap,4.871664765391372,51351684460489,2504186104401,27536321
swap,4.871585272379057,51352103638775,2504165683607,27536343
swap,4.871457753265458,51352776087157,2504132925140,27536405
swap,4.875234961170645,51332888770557,2505104043965,27536428
swap,4.877228967513235,51322399477230,2505616550677,27536446
swap,4.8768445509597225,51324423189518,2505517853483,27536458
swap,4.8768255565256595,51324523189518,2505512976648,27536507
swap,4.882774091661134,51293265744066,2507041331850,27536536
swap,4.882494948206239,51294732733538,2506969704115,27536550
swap,4.882468154015522,51294873552336,2506962828664,27536573
swap,4.884683147764696,51283248041215,2507531706402,27536574
swap,4.884293048380946,51285296973526,2507431626546,27536592
swap,4.884287336981994,51285326973526,2507430161259,27536609
swap,4.884252796151738,51285508405666,2507421299624,27536619
swap,4.8865295287490955,51273565513707,2508005925195,27536631
swap,4.8864496677045155,51273984712973,2507985441067,27536642
swap,4.886402583918528,51274231865678,2507973364133,27536670
swap,4.889431875668153,51258353642192,2508751032957,27536705
swap,4.8948910458157915,51229776275347,2510151883577,27536736
swap,4.894815769744827,51230170395458,2510132591976,27536777
swap,4.8917564936100275,51246195429832,2509348441108,27536782
swap,4.891132511023888,51249465808378,2509188472352,27536808
swap,4.890352314110675,51253555808378,2508988440980,27536829
swap,4.890292636055164,51253868696949,2508973139720,27536846
swap,4.887141222417143,51270399516449,2508164994661,27536912
swap,4.891037035439192,51249986690016,2509164994661,27536939
swap,4.888208778997337,51264818262394,2508439786626,27536988
swap,4.886080791665449,51275986065391,2507893999878,27537032
swap,4.885301803623214,51280076065391,2507694175097,27537037
swap,4.887952821927935,51266175065740,2508374825646,27537047
swap,4.885494752546249,51279076829676,2507744352020,27537054
swap,4.884637839953486,51283576829676,2507524524028,27537070
swap,4.883076934467207,51291776829676,2507124047696,27537093
swap,4.8788217000731775,51314151097150,2506031970907,27537098
swap,4.876921655809504,51324151097150,2505544183701,27537140
swap,4.874782446659099,51335416827509,2504994883310,27537203
swap,4.874004261765927,51339516827509,2504795033176,27537216
swap,4.876569847644874,51326016827518,2505454515123,27537254
swap,4.879978845393243,51308095302081,2506330527243,27537266
swap,4.87595063884101,51329295302081,2505296398593,27537338
swap,4.878226557899611,51317326145277,2505881314137,27537358
swap,4.879082772536643,51312825443372,2506101327637,27537373
swap,4.878877039301517,51313907856725,2506048516907,27537388
swap,4.880819759428385,51303699672034,2506547658569,27537577
swap,4.879964077647821,51308199672034,2506328040924,27537776
swap,4.877845136645472,51319348203967,2505784114640,27537811
swap,4.87706621905731,51323448203967,2505584138950,27537812
swap,4.8750447569792055,51334093187918,2505065083584,27537874
swap,4.874266510147093,51338193187918,2504865222696,27537875
swap,4.8737004955256245,51341175712218,2504719854950,27537896
swap,4.871544154048924,51352542973907,2504165971172,27537941
swap,4.87084377310115,51356236691376,2503986043024,27537970
swap,4.868043296565811,51371014003863,2503266470063,27538013
swap,4.867264832054719,51375124003863,2503066409474,27538029
swap,4.8653738088837635,51385112003863,2502580361463,27538094
swap,4.86459598469598,51389222003863,2502380410577,27538099
swap,4.863931367014751,51392734605234,2502209548379,27538116
swap,4.861784353185482,51404086808122,2501657506842,27538135
swap,4.861005499518464,51408206808122,2501457217364,27538138
swap,4.856583980686972,51431614652622,2500319878106,27538170
swap,4.855028959027347,51439854652622,2499919759626,27538175
swap,4.857479699389283,51426883051675,2500550955219,27538297
swap,4.861618801942672,51404997336609,2501616632287,27538314
swap,4.865011112452771,51387081149104,2502489697967,27538330
swap,4.866906932192163,51377076704476,2502977485173,27538340
swap,4.864542979265019,51389564926840,2502369842566,27538428
swap,4.862651275143476,51399564926840,2501883482816,27538515
swap,4.861874104771953,51403674926840,2501683643813,27538518
swap,4.862726205905033,51399173219749,2501902968744,27538558
swap,4.862768307215313,51398950826396,2501913804832,27538613
swap,4.865911830284397,51382353826407,2502722756274,27538684
swap,4.86428951005913,51390925826407,2502305719816,27538832
swap,4.863511947181489,51395035826407,2502105813489,27538837
swap,4.8654060471947,51385035826410,2502593233685,27539027
swap,4.86625884222122,51380535356543,2502812657626,27539042
swap,4.868003833081043,51371330171402,2503261583432,27539103
swap,4.868857485493408,51366828782136,2503481169389,27539125
swap,4.867443724639787,51374291782136,2503117859287,27539232
swap,4.86534323336926,51385385920674,2502577974807,27539249
swap,4.863785897754558,51393615920674,2502177621117,27539259
swap,4.8614425152471235,51406007369363,2501575072718,27539285
swap,4.8606637454351835,51410127369363,2501374797322,27539290
swap,4.856885967351829,51430127369363,2500403042236,27539313
swap,4.855330804040349,51438367369363,2500002898879,27539325
swap,4.852841126318849,51451567120712,2499362171541,27539349
swap,4.8512922399008,51459784120712,2498963477195,27539375
swap,4.84973787907288,51468034120712,2498563309676,27539428
swap,4.845258908153954,51491829120712,2497409847290,27539440
swap,4.8453179384085505,51491515615537,2497425067946,27539450
swap,4.844471578639261,51496015615537,2497207047674,27539757
swap,4.8436950036261806,51500145615537,2497006987027,27539766
swap,4.841987482639252,51509230089153,2496567040361,27539895
swap,4.839687524454429,51521474088410,2495974328200,27539944
swap,4.838912099638476,51525604088410,2495774465111,27539953
swap,4.8389027130723425,51525654088410,2495772045658,27539957
swap,4.836103555708175,51540571023952,2495050438360,27539966
swap,4.836496266352256,51538479549516,2495151790938,27540004
swap,4.836027322903325,51540979549516,2495030884391,27540033
swap,4.833869832108898,51552486107298,2494474548191,27540043
swap,4.828233504924819,51582582750524,2493020563630,27540059
swap,4.828332127030488,51582056205962,2493046037613,27540075
swap,4.829346178604442,51576643108174,2493307950948,27540097
swap,4.829400195925118,51576354806725,2493321901989,27540310
swap,4.827289441292955,51587635214412,2492777244963,27540376
swap,4.826515124634054,51591775214412,2492577411202,27540385
swap,4.8241876859878525,51604225214412,2491976654898,27540424
swap,4.824189486980557,51604215586645,2491977120290,27540583
swap,4.821112935730569,51620686586645,2491182781323,27540655
swap,4.820338238371397,51624836586645,2490982721204,27540664
swap,4.820612541041068,51623368521335,2491053630678,27540745
swap,4.818746408153145,51633368521335,2490571662693,27540755
add_liquidity,4.818746408155011,51633418623729,2490574079418,27540775
swap,4.816691026709582,51644439481722,2490043125436,27540841
swap,4.815917395837983,51648589481722,2489843248804,27540851
swap,4.815971184639413,51648301197841,2489857160204,27540857
swap,4.818180074929499,51636466703995,2490428378508,27541051
swap,4.81631535667645,51646466703995,2489946653699,27541117
swap,4.815541816504512,51650616703995,2489746792656,27541122
swap,4.815771534750798,51649385406470,2489806206485,27541227
swap,4.813908214684412,51659385406470,2489324722460,27541241
swap,4.813133392112501,51663545406470,2489124479988,27541330
swap,4.813463809298757,51661773057331,2489209959316,27541332
swap,4.811490994783602,51672368487166,2488700056608,27541337
swap,4.811549413981081,51672054954339,2488715172520,27541354
swap,4.8116673854765075,51671421824797,2488745697253,27541444
swap,4.8139908450838975,51658957021265,2489346808478,27541513
swap,4.815961785914357,51648390467496,2489856604559,27541518
swap,4.823579323589501,51607612421815,2491825948125,27541533
swap,4.824421230393754,51603111471403,2492043508879,27541541
swap,4.823645737433549,51607261471403,2491843311483,27541604
swap,4.8214616308034115,51618954956517,2491279386837,27541607
swap,4.817273326769765,51641400956517,2490197631480,27541785
swap,4.81529962206339,51651988606793,2489687699871,27541789
swap,4.812978435443827,51664448606793,2489087858094,27541794
swap,4.812203838434331,51668608606793,2488887654296,27541840
swap,4.809834607530325,51681338880674,2488275198316,27541904
swap,4.805733114540967,51703399142044,2487214588501,27541918
swap,4.805811211999981,51702979244095,2487234808259,27541937
swap,4.803692905678095,51714383538787,2486686860128,27541971
swap,4.802920549484403,51718543538787,2486487042561,27541987
swap,4.8006332408832,51730869136971,2485895194782,27542049
swap,4.7998597679555015,51735039136971,2485695024496,27542050
swap,4.794830983628132,51762175264318,2484393210584,27542087
swap,4.795159976618292,51760400436555,2484478483955,27542101
swap,4.79518626887501,51760258604858,2484485298653,27542121
swap,4.795220070750777,51760076264772,2484494059744,27542146
swap,4.7970743999395715,51750076264779,2484974635082,27542164
swap,4.800006464604408,51734276092823,2485734331203,27542167
swap,4.80279011210984,51719289092832,2486455357962,27542319
swap,4.802823985247125,51719106802029,2486464130574,27542342
swap,4.805139675368626,51706649312742,2487063784715,27542701
swap,4.80776526246709,51692535588455,2487743512823,27542713
swap,4.815482119942345,51651120794670,2489740226844,27542737
swap,4.816322308296407,51646617685046,2489957526572,27542753
swap,4.814691532907892,51655367885487,2489536160035,27542925
swap,4.813918386768901,51659517885487,2489336366372,27542931
swap,4.8131435645449,51663677885487,2489136123476,27543078
swap,4.812305626145467,51668177885487,2488919550861,27543097
swap,4.810444324142499,51678177885487,2488438413326,27543284
swap,4.809670340623452,51682337885487,2488238314934,27543515
swap,4.807661074571526,51693141960500,2487718783041,27543526
swap,4.805921274514692,51702502556999,2487268838682,27543532
swap,4.804134026379995,51712123732182,2486806538520,27543849
swap,4.803361565511285,51716283732182,2486606702605,27543850
swap,4.801293283382171,51727427172631,2486071558064,27543924
swap,4.799293611594749,51738207805396,2485554056014,27544201
swap,4.7985204641745085,51742377805396,2485353941584,27544205
swap,4.794696618152345,51763016693131,2484363974814,27544211
swap,4.794754733176037,51762703151212,2484379038401,27544298
swap,4.794791847629514,51762502914459,2484388658530,27544337
swap,4.796256664448825,51754601914480,2484768311794,27544652
swap,4.798609755428087,51741917271237,2485378067891,27544665
swap,4.800948724129614,51729317997472,2485984016417,27544725
swap,4.80178496664507,51724815661378,2486200623076,27544741
swap,4.802621299322471,51720314015831,2486417234235,27544927
swap,4.804479595080258,51710315757079,2486898467568,27544939
swap,4.806448578568794,51699728287227,2487408263649,27544942
swap,4.806541461030307,51699229007332,2487432309580,27544951
swap,4.809031370936382,51685850148680,2488076824810,27545036
swap,4.809869551394424,51681348749455,2488293751001,27545048
swap,4.813063296134173,51664207704371,2489120138396,27545069
swap,4.813081870146387,51664108066288,2489124943655,27545208
swap,4.813921307985697,51659605603435,2489342103869,27545270
swap,4.815786490537346,51649605603442,2489824553620,27545331
swap,4.8156932989510155,51650105603442,2489800474921,27545712
swap,4.815786363709967,51649606783219,2489824544921,27545853
swap,4.818180167455156,51636781137879,2490443591489,27546613
swap,4.820806048981785,51622723040873,2491122477481,27546633
swap,4.824398786708609,51603507311360,2492051031660,27546667
swap,4.824067863850853,51605278122874,2491965603580,27546687
swap,4.8264936842201855,51592314441511,2492592390453,27546711
swap,4.828553473316914,51581314514987,2493124478074,27546809
swap,4.830682213904744,51569953757922,2493674258161,27546832
swap,4.8325571453350555,51559953757927,2494158387848,27547045
swap,4.836752239694269,51537600161781,2495241271381,27547057
swap,4.83652158591383,51538829676324,2495181804227,27547162
swap,4.838927119304091,51526023968361,2495802549854,27547349
swap,4.83892336469285,51526043968361,2495801582069,27547374
swap,4.843217096306531,51503210239710,2496909192669,27547464
swap,4.842908926089254,51504849692668,2496829792928,27547567
swap,4.841168863350967,51514109692668,2496381420094,27547631
swap,4.840393090317612,51518239692668,2496181495833,27547632
swap,4.840282019471577,51518831084263,2496152870484,27547662
swap,4.838404471292767,51528831084263,2495668936122,27547984
swap,4.837629362717295,51532961084263,2495469126016,27547989
swap,4.835138417585743,51546240275644,2494826893282,27548052
swap,4.834362219156791,51550380275644,2494626734612,27548060
swap,4.832238157289219,51561714457969,2494078919510,27548102
swap,4.831462657223718,51565854457969,2493878880896,27548110
swap,4.827836733453552,51585224653222,2492943368211,27548181
swap,4.827060422418562,51589374653222,2492743029088,27548221
